Aguila,portuguese
Aguiar,portuguese
Alboquerque,portuguese
Alcantara,portuguese
Alvez,portuguese
Aquila,portuguese
Arantes,portuguese
Araujo,portuguese
Arouca,portuguese
Assad,portuguese
Azevedo,portuguese
Barata,portuguese
Barbosa,portuguese
Barcelos,portuguese
Barreto,portuguese
Bartolo,portuguese
Becker,portuguese
Borges,portuguese
Brandão,portuguese
Brito,portuguese
Buarque,portuguese
Calegari,portuguese
Carvalho,portuguese
Cazares,portuguese
Celso,portuguese
Claro,portuguese
Correa,portuguese
Coutinho,portuguese
Couto,portuguese
Crespo,portuguese
Cruz,portuguese
Cunha,portuguese
Damião,portuguese
Dias,portuguese
Dolabela,portuguese
Dos Anjos,portuguese
Falcao,portuguese
Fabil,portuguese
Fagundes,portuguese
Faria,portuguese
Fernandes,portuguese
Firmino,portuguese
Fiuza,portuguese
Frazan,portuguese
Garcia,portuguese
Gonçalves,portuguese
Golvea,portuguese
Grilo,portuguese
Guerri,portuguese
Guimaraes,portuguese
Lemos,portuguese
Licurgo,portuguese
Lila,portuguese
Lima,portuguese
Lira,portuguese
Livio,portuguese
Lobo,portuguese
Lopes,portuguese
Magno,portuguese
Martinelli,portuguese
Melila,portuguese
Melo,portuguese
Mendes,portuguese
Menezes,portuguese
Militão,portuguese
Monteiro,portuguese
Moura,portuguese
Mota,portuguese
Muniz,portuguese
Nascimento,portuguese
Nara,portuguese
Neres,portuguese
Neto,portuguese
Nogueira,portuguese
Nunes,portuguese
Oliveira,portuguese
Pacheco,portuguese
Padrão,portuguese
Paes,portuguese
Pereira,portuguese
Poeta,portuguese
Ribas,portuguese
Ribeiro,portuguese
Rios,portuguese
Rocha,portuguese
Rosa,portuguese
Santos,portuguese
Silva,portuguese
Silvestre,portuguese
Silveira,portuguese
Souza,portuguese
Teixeira,portuguese
Teles,portuguese
Varanda,portuguese
Veloso,portuguese
Veron,portuguese
Viana,portuguese
da Costa,portuguese
da Silva,portuguese
de Castro,portuguese
de Paula,portuguese
Costa,portuguese
Hoffman,portuguese
Matheus,portuguese
D'avila,portuguese
Morgardo,portuguese
Casemiro,portuguese
Bassols,portuguese
Carmona,portuguese
Betin,portuguese
Betti,portuguese
Mello,portuguese
Motta,portuguese
Vieira,portuguese
Alvarenga,portuguese
Neves,portuguese
Roussef,portuguese
Inacio,portuguese
Pera,portuguese
Pamonha,portuguese
Cella,portuguese
Celso,portuguese
Kuster,portuguese
Lysandro,portuguese
Lisandro,portuguese
Braga,portuguese
Moreno,portuguese
Alencar,portuguese
Diaz,portuguese
de Abreu,portuguese
Soares,portuguese
Diniz,portuguese
dos Santos,portuguese
da Cruz,portuguese
Leitão,portuguese
Palmeiras,portuguese
Costeira,portuguese
Lampião,portuguese
Nazario,portuguese
Branco,portuguese
Mosquito,portuguese
Mosteiro,portuguese
Mesquita,portuguese
Bacci,portuguese
Farid,portuguese
Vivaz,portuguese
Roxo,portuguese
Natura,portuguese
Barcelo,portuguese
Barcelar,portuguese
Limeira,portuguese
Laranja,portuguese
Laranjeira,portuguese
Eler,portuguese
Reis,portuguese
Rainha,portuguese
Viveiro,portuguese
Burca,portuguese
de Camargo,portuguese
Camargo,portuguese
Correia,portuguese
Fuzão,portuguese
Beltrão,portuguese
Vasques,portuguese
Veles,portuguese
Nazaré,portuguese
Valerio,portuguese
Valão,portuguese
Valadares,portuguese
Mico,portuguese
Mica,portuguese
Miranda,portuguese
Arboleda,spanish
Arias,spanish
Armani,spanish
Arrascaita,spanish
Arroyo,spanish
Aránguiz,spanish
Banguero,spanish
Bologna,spanish
Borré,spanish
Caicedo,spanish
Calpado,spanish
Cardozo,spanish
Castillo,spanish
Castro,spanish
Cañete,spanish
Chávez,spanish
Cuellar,spanish
Cuesta,spanish
Cueva,spanish
De La Cruz,spanish
De La Muerte,spanish
Diaz,spanish
Faravelli,spanish
Fontana,spanish
Giampaolli,spanish
Garcia,spanish
Gomez,spanish
Gonzalez,spanish
Guerrero,spanish
Hernandez,spanish
Hurtado,spanish
Isla,spanish
Izquierdo,spanish
Jara,spanish
Luján,spanish
López,spanish
Maduro,spanish
Maidana,spanish
Mari,spanish
Martinez,spanish
Montenegro,spanish
Moreno,spanish
Murillo,spanish
Orerruella,spanish
Ortiz,spanish
Palavecino,spanish
Paredes,spanish
Pavón,spanish
Pellerano,spanish
Pinos,spanish
Plaza,spanish
Quintero,spanish
Reinoso,spanish
Rojas,spanish
Rojo,spanish
Salazar,spanish
Sampaoli,spanish
Sanchez,spanish
Soldano,spanish
Soto,spanish
Suarez,spanish
Torres,spanish
Uribe,spanish
Valverde,spanish
Vargas,spanish
Vega,spanish
Villa,spanish
Viña,spanish
Vázquez,spanish
Zeballos,spanish
Zárate,spanish
de Arrascaeta,spanish
del Riego,spanish
del Toro,spanish
di Maria,spanish
di Santoro,spanish
dos Santos,spanish
Álvarez,spanish
