Reinhard,M,Europe
Jibril,M,Europe
Manuel,M,Europe
Jurij,M,Europe
Yoedistiro,M,Europe
Yago,M,Europe
Matima,M,Europe
Simeon,M,Europe
Zana,M,Europe
Dennis,M,Europe
Raoof,M,Europe
Lope,M,Europe
Samu,M,Europe
Kaan,M,Europe
Noui,M,Europe
Nevio,M,Europe
Aviel,M,Europe
Neel,M,Europe
Ulf,M,Europe
Phi,M,Europe
Tuấn,M,Europe
Savash,M,Europe
Veysel,M,Europe
Adem,M,Europe
Frederik,M,Europe
Julez,M,Europe
Avel,M,Europe
Janosch,M,Europe
Elija,M,Europe
Faris,M,Europe
Lorin,M,Europe
Felix,M,Europe
Theseus,M,Europe
Ingo,M,Europe
Gieselher,M,Europe
Jarek,M,Europe
Nikolas,M,Europe
Vincent,M,Europe
Klaus,M,Europe
Malik,M,Europe
Njue,M,Europe
Saiph,M,Europe
Yunus,M,Europe
Cadeo,M,Europe
Floyd,M,Europe
Aiden,M,Europe
Yağiz,M,Europe
Mariev,M,Europe
Naim,M,Europe
Otis,M,Europe
Kylian,M,Europe
Saba,M,Europe
Xaver,M,Europe
Henryk,M,Europe
Asaf,M,Europe
Justin,M,Europe
Yves,M,Europe
Adam-Sultan,M,Europe
Massyl,M,Europe
Anton,M,Europe
Tarik,M,Europe
Côme,M,Europe
Rey,M,Europe
Rudolf,M,Europe
Jonis,M,Europe
Younas,M,Europe
Maomé,M,Europe
Steven,M,Europe
Minyul,M,Europe
Nikola,M,Europe
Al-Tayyib,M,Europe
Lorenz,M,Europe
Jackson,M,Europe
Antonov,M,Europe
Rayan,M,Europe
Faruk,M,Europe
Kenan,M,Europe
Wiktor,M,Europe
Antoine,M,Europe
Joakim,M,Europe
Guido,M,Europe
Veaceslav,M,Europe
Fahed,M,Europe
Pino,M,Europe
Muhammad,M,Europe
Roth,M,Europe
Lionel,M,Europe
Zachariah,M,Europe
Amos,M,Europe
Jori,M,Europe
Ben,M,Europe
Vin,M,Europe
Charlie,M,Europe
Ocean,M,Europe
Volker,M,Europe
Valentín,M,Europe
Fionn,M,Europe
Brimah,M,Europe
Ömer,M,Europe
Egehan,M,Europe
Liam,M,Europe
Mohammed,M,Europe
Yilin,M,Europe
Javier,M,Europe
Timofey,M,Europe
Ayen,M,Europe
Elyesa,M,Europe
Reda,M,Europe
Eli,M,Europe
Joon,M,Europe
Gilbert,M,Europe
Varma,M,Europe
Yasir,M,Europe
Caspar,M,Europe
Leeyo,M,Europe
Levi,M,Europe
Fadi,M,Europe
Valerian-Gerard,M,Europe
Évan,M,Europe
Osamah,M,Europe
Yosef,M,Europe
Jascha,M,Europe
Eitan,M,Europe
Joshua,M,Europe
Thales,M,Europe
Miron,M,Europe
Jihad,M,Europe
Kalle,M,Europe
Elios,M,Europe
Ovi,M,Europe
Jost,M,Europe
Miro,M,Europe
Noan,M,Europe
Mbaye,M,Europe
Zayne,M,Europe
Matthäus,M,Europe
Castiel,M,Europe
Thomas,M,Europe
Mogli,M,Europe
Paolo,M,Europe
Talu,M,Europe
Gustav,M,Europe
Mustafa,M,Europe
Lio,M,Europe
Ludwig,M,Europe
Wim,M,Europe
Roan,M,Europe
Ra,M,Europe
Alva,M,Europe
Rami,M,Europe
Lenn,M,Europe
Stanley,M,Europe
Martin,M,Europe
Umut,M,Europe
Almahdi,M,Europe
Marc,M,Europe
Walid,M,Europe
Chinelo,M,Europe
Guangchen,M,Europe
Ilay,M,Europe
Diyo,M,Europe
Lothar,M,Europe
Björn,M,Europe
Alouis,M,Europe
Gabriel,M,Europe
Ivanovič,M,Europe
Nouh,M,Europe
Cornelius,M,Europe
Ensar,M,Europe
Arne,M,Europe
Dzhesur,M,Europe
Laszlo,M,Europe
Rocco,M,Europe
Abdelkader,M,Europe
Zayn,M,Europe
Lear,M,Europe
Ian,M,Europe
İlyan,M,Europe
Mikhail,M,Europe
Damun,M,Europe
Gioele,M,Europe
Federico,M,Europe
Chaled,M,Europe
Dejan,M,Europe
Myumyun,M,Europe
Marco,M,Europe
Mehmet,M,Europe
Émile,M,Europe
Dominic,M,Europe
Tristan,M,Europe
Aaron,M,Europe
Divine,M,Europe
Diego,M,Europe
Lou,M,Europe
Soul,M,Europe
Artur,M,Europe
Taha,M,Europe
Oliverio,M,Europe
Daniel,M,Europe
Laurent,M,Europe
Ofuka,M,Europe
Lauren,M,Europe
Maik,M,Europe
Avi,M,Europe
Idris,M,Europe
Rüzgar,M,Europe
Adrian,M,Europe
Nima,M,Europe
Hadi,M,Europe
Dayyan,M,Europe
Seref,M,Europe
Thom,M,Europe
Jimit,M,Europe
Luca,M,Europe
Güven,M,Europe
Jon,M,Europe
Till,M,Europe
Hermann,M,Europe
Saša,M,Europe
Mohammad-Saleh,M,Europe
Pipo,M,Europe
Kyrie,M,Europe
Hinnerk,M,Europe
Gerhard,M,Europe
Patel,M,Europe
Jonny,M,Europe
Abel,M,Europe
Remus,M,Europe
Emilien,M,Europe
Ajan,M,Europe
Maxwell,M,Europe
Val,M,Europe
Thies,M,Europe
Yair,M,Europe
Aladdin,M,Europe
Dai,M,Europe
Soan,M,Europe
Joa,M,Europe
William,M,Europe
Laith,M,Europe
Cornell,M,Europe
Kjell,M,Europe
Linden,M,Europe
Ziyad,M,Europe
Kais,M,Europe
Hüseyin,M,Europe
Karl,M,Europe
Aker,M,Europe
Niels,M,Europe
Orhan,M,Europe
Aarav,M,Europe
Egidio,M,Europe
Bratli,M,Europe
Dmitri,M,Europe
Taddeus,M,Europe
Leolo,M,Europe
Friedensreich,M,Europe
Fulvio,M,Europe
Liyan,M,Europe
Kyle,M,Europe
Taro,M,Europe
Perikles,M,Europe
Willy,M,Europe
Uwe,M,Europe
Ionas,M,Europe
Josh,M,Europe
Ivo,M,Europe
Keenan,M,Europe
Tanishq,M,Europe
Yang,M,Europe
Bennet,M,Europe
Massimo,M,Europe
Diao,M,Europe
Emilian,M,Europe
Arian,M,Europe
Lars,M,Europe
Marley,M,Europe
Max-Leopold,M,Europe
Musab,M,Europe
Engin,M,Europe
Hubert,M,Europe
Toby,M,Europe
Pepe,M,Europe
Slavoljub,M,Europe
Yusuf,M,Europe
Musa,M,Europe
Enon,M,Europe
Fidelis,M,Europe
Ted,M,Europe
Olav,M,Europe
Talha,M,Europe
Wito,M,Europe
Salih,M,Europe
Edan,M,Europe
Wang,M,Europe
Vlad,M,Europe
Mirdon,M,Europe
Khoa,M,Europe
Benedek,M,Europe
Kyrylovič,M,Europe
Cassim,M,Europe
Riyadh,M,Europe
Nghia,M,Europe
Arto,M,Europe
Noor,M,Europe
Horacy,M,Europe
Roger,M,Europe
Çağatay,M,Europe
Jari,M,Europe
Miraç,M,Europe
Mencey,M,Europe
Leontin,M,Europe
Avner,M,Europe
Filippos,M,Europe
Nanook,M,Europe
Enver,M,Europe
Dylan,M,Europe
Yassin,M,Europe
Matti,M,Europe
Alexander,M,Europe
Onno,M,Europe
Zeynel,M,Europe
Joubin,M,Europe
Frank,M,Europe
Kiano,M,Europe
Sukrit,M,Europe
Masrurovič,M,Europe
Nikos,M,Europe
Marku,M,Europe
Kai,M,Europe
Erkan,M,Europe
Kivanc,M,Europe
Lyron,M,Europe
Antonovic,M,Europe
Jarne,M,Europe
Nick,M,Europe
Minu,M,Europe
Christopher,M,Europe
Louie,M,Europe
Kay,M,Europe
Eytan,M,Europe
Junus,M,Europe
Théo,M,Europe
Filian,M,Europe
Rune,M,Europe
Mael,M,Europe
Cody,M,Europe
Saad,M,Europe
Leevi,M,Europe
Azad,M,Europe
Jamil,M,Europe
Kian,M,Europe
Quentin,M,Europe
Jack,M,Europe
Ilija,M,Europe
Lewin,M,Europe
Kofi,M,Europe
Pilou,M,Europe
Akın,M,Europe
Ravi,M,Europe
Fjodor,M,Europe
Ege,M,Europe
Junes,M,Europe
Kirk,M,Europe
Djibril,M,Europe
Benan,M,Europe
Tsuraya,M,Europe
Yaakoub,M,Europe
Piotr,M,Europe
Hota,M,Europe
Ekrem,M,Europe
Elisei,M,Europe
Dieter,M,Europe
Elder,M,Europe
Duc,M,Europe
Quirin,M,Europe
Timur,M,Europe
Deniz,M,Europe
Jakob,M,Europe
Ahmad,M,Europe
Marlon-Junior,M,Europe
Petje,M,Europe
Evgen'evič,M,Europe
Pius,M,Europe
Pars,M,Europe
Yaron,M,Europe
Hamada,M,Europe
Noel,M,Europe
Ertuğrul,M,Europe
Temuge,M,Europe
Ethan,M,Europe
Bonzo,M,Europe
Bilal,M,Europe
Levente,M,Europe
Amari,M,Europe
Niclas,M,Europe
Simón,M,Europe
Larry,M,Europe
Hedi,M,Europe
Boris,M,Europe
Kurt,M,Europe
Aksel,M,Europe
Ardan,M,Europe
Emadt,M,Europe
Rafael,M,Europe
Bahta,M,Europe
Eddi,M,Europe
Béla,M,Europe
Mino,M,Europe
Frédéric,M,Europe
Dionysíos-Rafael,M,Europe
Basel,M,Europe
Dennys,M,Europe
Roman,M,Europe
Collin,M,Europe
Milot,M,Europe
Cedric,M,Europe
Wilfried,M,Europe
Étienne,M,Europe
Amir,M,Europe
Kadir,M,Europe
Abdullah,M,Europe
Lucas-Jaden,M,Europe
Carsten,M,Europe
Bodo,M,Europe
Mian,M,Europe
Lamine,M,Europe
Yousseff,M,Europe
Yamen,M,Europe
Caius,M,Europe
Luwin,M,Europe
Yanyi,M,Europe
Ayxan,M,Europe
Manfred,M,Europe
Ejder,M,Europe
Faisal,M,Europe
Harry,M,Europe
Kerim,M,Europe
Danell,M,Europe
Ștefan,M,Europe
Odysseas,M,Europe
Tillmann,M,Europe
Tyler,M,Europe
Yasser,M,Europe
Fatih,M,Europe
Nathaniel,M,Europe
Nevdzhivan,M,Europe
Valentin,M,Europe
Matteo,M,Europe
Bastian,M,Europe
Marius,M,Europe
Aziz,M,Europe
Andrés,M,Europe
Mory,M,Europe
Alden,M,Europe
Fiete,M,Europe
Finnian,M,Europe
Pietro,M,Europe
Juan,M,Europe
Enzo,M,Europe
Janis,M,Europe
Joris,M,Europe
Bayan,M,Europe
Nael,M,Europe
Florian,M,Europe
Evren,M,Europe
Shion,M,Europe
Arlo,M,Europe
Milow,M,Europe
Lior,M,Europe
Franziskus,M,Europe
Michele,M,Europe
Bernhard,M,Europe
Yannik,M,Europe
Mertali,M,Europe
Zaroun,M,Europe
Muhammed,M,Europe
Artëmovič,M,Europe
Anselm,M,Europe
Emir,M,Europe
Matheo,M,Europe
Louis,M,Europe
Jonte,M,Europe
Tjelle,M,Europe
Yavi,M,Europe
Deniro,M,Europe
Hichem,M,Europe
Ayaan,M,Europe
Elvis,M,Europe
Fulk,M,Europe
Kelvin,M,Europe
Bodhi,M,Europe
Obrian,M,Europe
Plaaj,M,Europe
Iljas,M,Europe
Eren,M,Europe
Malio,M,Europe
Benaiah,M,Europe
Joe,M,Europe
August,M,Europe
Gereon,M,Europe
Hugo,M,Europe
Noa,M,Europe
Benjin,M,Europe
Jan,M,Europe
Theodor,M,Europe
Apollon,M,Europe
Kristoff,M,Europe
Pablo,M,Europe
Solal,M,Europe
Yahya,M,Europe
Hartmut,M,Europe
Milian,M,Europe
Alhassane,M,Europe
Zerui,M,Europe
Noam,M,Europe
Zilin,M,Europe
Jay,M,Europe
Brayan,M,Europe
Taymour,M,Europe
Hassan,M,Europe
Ardian,M,Europe
Cayden,M,Europe
Saint,M,Europe
Feyzo,M,Europe
Issah,M,Europe
Adama,M,Europe
Jamal,M,Europe
Mischa,M,Europe
Bojan,M,Europe
Nguyen,M,Europe
Ilaï,M,Europe
Leriko,M,Europe
Dale,M,Europe
Ahmedov,M,Europe
Tyrese,M,Europe
Tommi,M,Europe
Oscar,M,Europe
Josef,M,Europe
Arinjay,M,Europe
Parin,M,Europe
Etienne,M,Europe
Lennox,M,Europe
Adam,M,Europe
Abdurrahman,M,Europe
Dzhuneytov,M,Europe
Ikaia,M,Europe
Monty,M,Europe
Yousuf,M,Europe
Dio,M,Europe
Jano,M,Europe
Ilham,M,Europe
Merritt,M,Europe
Levent,M,Europe
Amon,M,Europe
Lee,M,Europe
Tim,M,Europe
James,M,Europe
Filix,M,Europe
Arthur,M,Europe
Maris,M,Europe
Alpay,M,Europe
Olamide,M,Europe
Rico,M,Europe
Lysander,M,Europe
Nilsson,M,Europe
Kilian,M,Europe
Kajetan,M,Europe
Naser,M,Europe
Salvador,M,Europe
Livio,M,Europe
Leif,M,Europe
Leonardo,M,Europe
Nino,M,Europe
Yi,M,Europe
Odin,M,Europe
Romanovič,M,Europe
Alois,M,Europe
Nemia,M,Europe
Ilyan,M,Europe
Jona,M,Europe
Lennart,M,Europe
Kuno,M,Europe
Edwardson,M,Europe
Henrik,M,Europe
Bernard,M,Europe
Konrad,M,Europe
Issa,M,Europe
Isaac-Noel,M,Europe
Emiliano,M,Europe
Christoph,M,Europe
Kwadjo,M,Europe
Agim,M,Europe
Aaron-Andreas,M,Europe
Helge,M,Europe
Leander,M,Europe
Mikael,M,Europe
Luis-Malte,M,Europe
Maël,M,Europe
Dante,M,Europe
Antonovič,M,Europe
Jogi,M,Europe
Azriel,M,Europe
Adriel,M,Europe
Panu,M,Europe
Nikita,M,Europe
Alon,M,Europe
Kirill,M,Europe
Stathis,M,Europe
Arsenije,M,Europe
Akim,M,Europe
Theo,M,Europe
Hannes,M,Europe
Ahmet,M,Europe
Bosse,M,Europe
Nedim,M,Europe
Davud,M,Europe
Oscar-Ryan,M,Europe
Farid,M,Europe
Kingsley,M,Europe
Henning-Phileas,M,Europe
Mohammad,M,Europe
Molina,M,Europe
Mattes,M,Europe
Amaru,M,Europe
Iisa,M,Europe
Anh,M,Europe
Philian,M,Europe
Levian,M,Europe
Kiyan,M,Europe
Leandros,M,Europe
Bent,M,Europe
Jawad,M,Europe
Haluk,M,Europe
Ignacy,M,Europe
Amel,M,Europe
Zidane,M,Europe
Lennard,M,Europe
Mads,M,Europe
Friedrich,M,Europe
Ali,M,Europe
Dhyan,M,Europe
Lev,M,Europe
Aurél,M,Europe
Angelo,M,Europe
Pascarella,M,Europe
Gunjan,M,Europe
Moxuan,M,Europe
Tadeusz,M,Europe
Justus,M,Europe
Naol,M,Europe
Mosis,M,Europe
Kasim,M,Europe
Jakub,M,Europe
Chengyou,M,Europe
Erik,M,Europe
Izaak,M,Europe
Ilyas,M,Europe
Cris,M,Europe
Burak,M,Europe
Eray,M,Europe
Ilijas,M,Europe
Lino,M,Europe
Richard,M,Europe
Loris,M,Europe
Liano,M,Europe
Ares,M,Europe
Rayé,M,Europe
German,M,Europe
Nestor,M,Europe
Yue,M,Europe
Kasper,M,Europe
Nail,M,Europe
Léo,M,Europe
Safet,M,Europe
Cairo,M,Europe
Buğra,M,Europe
Paul,M,Europe
Selim,M,Europe
Mohamad,M,Europe
Merab,M,Europe
Casimir,M,Europe
Amin,M,Europe
Aleksey,M,Europe
Christiano,M,Europe
Cuma,M,Europe
Maurice,M,Europe
Michael,M,Europe
Lütfü,M,Europe
Imre,M,Europe
Borna,M,Europe
Werner,M,Europe
Sayf,M,Europe
Mihailov,M,Europe
Alp,M,Europe
Taio,M,Europe
Abraheem,M,Europe
Alvar,M,Europe
Joas,M,Europe
Thiago,M,Europe
Danilo,M,Europe
Luk,M,Europe
Noël,M,Europe
Timotei,M,Europe
Younes,M,Europe
Shervin,M,Europe
Hoang,M,Europe
Noah,M,Europe
Sancho,M,Europe
Valerio,M,Europe
Kaspar,M,Europe
Bernd,M,Europe
Panayot,M,Europe
Nimar,M,Europe
Lipa,M,Europe
Armin,M,Europe
Takumi,M,Europe
Philipp,M,Europe
Damir,M,Europe
Julien,M,Europe
Jordan,M,Europe
Antay,M,Europe
Filipe,M,Europe
Kiragorn,M,Europe
Feramüz,M,Europe
Kieran,M,Europe
Kerem,M,Europe
Colin,M,Europe
Konstantinos,M,Europe
Eliano,M,Europe
Eyad,M,Europe
Okan,M,Europe
Le,M,Europe
Hauke,M,Europe
Wyn,M,Europe
Fridolin,M,Europe
Phin,M,Europe
Anis,M,Europe
Hakeem,M,Europe
Klemens,M,Europe
Tiam,M,Europe
Siegfried,M,Europe
Thăng,M,Europe
Manolo,M,Europe
Lanis,M,Europe
Elmin,M,Europe
Mervan,M,Europe
Cirino,M,Europe
Santiago,M,Europe
Wes,M,Europe
Metin,M,Europe
Elean,M,Europe
Shokhimardonovič,M,Europe
Eliah,M,Europe
Onni,M,Europe
Levan,M,Europe
Anhelo,M,Europe
Finn,M,Europe
Ezan,M,Europe
Bjarne,M,Europe
Norah,M,Europe
Shreyas,M,Europe
Karl-Gustav,M,Europe
Flynn,M,Europe
Yousef,M,Europe
Yuki,M,Europe
Asif,M,Europe
Yimo,M,Europe
Edis,M,Europe
Tom,M,Europe
Georgiev,M,Europe
Bennett,M,Europe
Jonas,M,Europe
Laurin,M,Europe
Elon,M,Europe
Karl-Henry,M,Europe
Lucio,M,Europe
Smail,M,Europe
Batın,M,Europe
Atlas,M,Europe
Bosco,M,Europe
Moussa,M,Europe
Rüdiger,M,Europe
Salem,M,Europe
Nahuel,M,Europe
Hakuren,M,Europe
Taylan,M,Europe
Marlin,M,Europe
Abdelhadi,M,Europe
Ilias,M,Europe
Gregory,M,Europe
Galahad,M,Europe
Felin,M,Europe
Great,M,Europe
Mailo,M,Europe
Leopold,M,Europe
Hans,M,Europe
Edis-Théon,M,Europe
Franz,M,Europe
Even,M,Europe
Van,M,Europe
Joseph,M,Europe
Yadiel,M,Europe
Jens,M,Europe
Shahin,M,Europe
Panagiotis,M,Europe
Felipe,M,Europe
Irving,M,Europe
Marwin,M,Europe
Ari,M,Europe
Özcan,M,Europe
Damian,M,Europe
Oriel,M,Europe
Gassem,M,Europe
Heng,M,Europe
Apollo,M,Europe
Erich,M,Europe
Holger,M,Europe
Noé,M,Europe
Teoman,M,Europe
Ion,M,Europe
Raphael,M,Europe
Alexandre,M,Europe
Ediz-Mergen,M,Europe
Guillaume,M,Europe
Ahmet-Arif,M,Europe
Raouf,M,Europe
Léan,M,Europe
Aluj,M,Europe
Nikon,M,Europe
Emmanuel,M,Europe
Edgar,M,Europe
Emil,M,Europe
Yasin,M,Europe
Aurelius,M,Europe
Hamza,M,Europe
Tobias,M,Europe
Ante,M,Europe
Ryan,M,Europe
Mylo,M,Europe
Casper,M,Europe
Ibaka,M,Europe
Zaryan,M,Europe
Mahir,M,Europe
Silas,M,Europe
Sébastien,M,Europe
Toma,M,Europe
Ilirian,M,Europe
Akinfolarin,M,Europe
Michel,M,Europe
Wojciech,M,Europe
Bekir,M,Europe
Nilo,M,Europe
Ruben,M,Europe
Ioan,M,Europe
Alaa,M,Europe
Elias,M,Europe
Blnd,M,Europe
Özhan,M,Europe
Antonio,M,Europe
Archange,M,Europe
Miralem,M,Europe
Hajo,M,Europe
Derman,M,Europe
Enes,M,Europe
Nelian,M,Europe
Francesco,M,Europe
Linus,M,Europe
Alexander-Liam,M,Europe
Güney,M,Europe
Kwasi,M,Europe
Aram,M,Europe
Guntram,M,Europe
Assem,M,Europe
Tassilo,M,Europe
Aurel,M,Europe
Mario,M,Europe
Lucian,M,Europe
Frederick,M,Europe
Yoshi,M,Europe
Karim,M,Europe
Aras,M,Europe
George,M,Europe
Vitus,M,Europe
Siyah,M,Europe
Omar,M,Europe
Leandro,M,Europe
Santino,M,Europe
Ilja,M,Europe
Luiz,M,Europe
Cedrik,M,Europe
Niaz,M,Europe
Ariyan,M,Europe
Nero,M,Europe
An,M,Europe
Reddy,M,Europe
Ezra,M,Europe
Sebastian,M,Europe
John,M,Europe
Ventura,M,Europe
Rangsiman,M,Europe
Edward,M,Europe
Norbu,M,Europe
Friedo,M,Europe
Ljuba,M,Europe
Devon,M,Europe
Moriba,M,Europe
Dušan,M,Europe
Imi,M,Europe
Ludovico,M,Europe
Mauritz,M,Europe
Cosmin,M,Europe
Şêr,M,Europe
Filippo,M,Europe
Tanmay,M,Europe
Akram,M,Europe
Juno,M,Europe
Erwin,M,Europe
Mikkel,M,Europe
Fynn,M,Europe
Alan,M,Europe
Lian,M,Europe
Santiano,M,Europe
Marian,M,Europe
Zuma,M,Europe
Luano,M,Europe
Dimitrios,M,Europe
Dominik,M,Europe
Jad,M,Europe
Bjarki,M,Europe
Radev,M,Europe
Atlantic,M,Europe
Can,M,Europe
June,M,Europe
Ramiz,M,Europe
Arbel,M,Europe
Elias-Said,M,Europe
Kyan,M,Europe
Raoni,M,Europe
Darian,M,Europe
Gabriel-Honoré,M,Europe
Mika,M,Europe
Edison,M,Europe
Stefan,M,Europe
Anastasios,M,Europe
Ewald,M,Europe
Alistair,M,Europe
Giancarlo,M,Europe
Fabio,M,Europe
Mihran,M,Europe
Phil,M,Europe
Dunamis,M,Europe
Dani,M,Europe
Ole,M,Europe
Mikail,M,Europe
Ernst,M,Europe
Elis,M,Europe
İlyas,M,Europe
Theon,M,Europe
Jonah,M,Europe
Sameh,M,Europe
Moise,M,Europe
Miran,M,Europe
Gunnar,M,Europe
Aron,M,Europe
Tayo,M,Europe
Charalampos,M,Europe
Almin,M,Europe
Tadeus,M,Europe
Ya'ar,M,Europe
Marlon,M,Europe
Niam,M,Europe
Zi,M,Europe
Tamim,M,Europe
Eden,M,Europe
Misha,M,Europe
Keyan,M,Europe
Ove,M,Europe
Jannes,M,Europe
Petrovič,M,Europe
Maria,M,Europe
Qaisser,M,Europe
Tenzin,M,Europe
Cumali,M,Europe
Kamil,M,Europe
Asmund,M,Europe
Percy,M,Europe
Rian,M,Europe
Pau,M,Europe
Hadrian,M,Europe
Kuzey,M,Europe
Moses,M,Europe
Luke,M,Europe
Gramoz,M,Europe
Dmitrievič,M,Europe
Hud,M,Europe
Ibrahim,M,Europe
Jonathan,M,Europe
Stepan,M,Europe
Bagratovič,M,Europe
Sway,M,Europe
Afanassij,M,Europe
Bela,M,Europe
Micheal,M,Europe
Miroslav,M,Europe
Ami,M,Europe
Frederico,M,Europe
Christian,M,Europe
Joschua,M,Europe
Jermaine,M,Europe
Leano,M,Europe
Seojun,M,Europe
Petar,M,Europe
Mark,M,Europe
Enlil,M,Europe
Elman,M,Europe
Elian,M,Europe
Olli,M,Europe
Ruhid,M,Europe
Quintus,M,Europe
Nouri,M,Europe
Armenov,M,Europe
Francisco,M,Europe
Egon,M,Europe
Roshan,M,Europe
Ruslan,M,Europe
Marlo,M,Europe
Mohamed,M,Europe
Rudi,M,Europe
Tamay,M,Europe
Mateo,M,Europe
Vsevolodovič,M,Europe
Lévi,M,Europe
Miguel,M,Europe
Nico,M,Europe
Eymen,M,Europe
Sofian,M,Europe
Akay,M,Europe
Basi,M,Europe
Dima,M,Europe
Vitomir,M,Europe
Tao,M,Europe
Hasan,M,Europe
Wolfgang,M,Europe
Yuri,M,Europe
François,M,Europe
Kıvanç,M,Europe
Nathan,M,Europe
Timo,M,Europe
Ren,M,Europe
Nicu,M,Europe
Udochi,M,Europe
Shukri,M,Europe
Friedemann,M,Europe
Abubakari,M,Europe
Camille,M,Europe
Tamme,M,Europe
Tim-Noah,M,Europe
Miras,M,Europe
Wetchoko,M,Europe
Luis,M,Europe
Thees,M,Europe
Alexandros,M,Europe
Lorean,M,Europe
Platon,M,Europe
Jules,M,Europe
Eneas,M,Europe
Luciano,M,Europe
Lejs,M,Europe
Bento,M,Europe
Raffaele,M,Europe
Carlos,M,Europe
Zein,M,Europe
Aren,M,Europe
Tamo,M,Europe
Lok,M,Europe
Ziya,M,Europe
Jones,M,Europe
Yiğit,M,Europe
Wille,M,Europe
Orion,M,Europe
Tomás,M,Europe
Marin,M,Europe
Yunseong,M,Europe
Hektor,M,Europe
Emanuel,M,Europe
Ediz,M,Europe
Helmut,M,Europe
Kolja,M,Europe
Kevin,M,Europe
Ismael,M,Europe
Toghrul,M,Europe
Hakim,M,Europe
Viktor,M,Europe
Samson,M,Europe
Adnan,M,Europe
Maksim,M,Europe
Luigi,M,Europe
Niko,M,Europe
Idan,M,Europe
Kayra,M,Europe
Stephan,M,Europe
Yakup,M,Europe
Janos,M,Europe
Frieder,M,Europe
Daris,M,Europe
Julius,M,Europe
Emre,M,Europe
Borys,M,Europe
Arttu,M,Europe
Khaled,M,Europe
Josef-Osman,M,Europe
Aggrey,M,Europe
Damiano,M,Europe
Yari,M,Europe
Viet,M,Europe
Mansong,M,Europe
Belal,M,Europe
Cyril,M,Europe
Emin,M,Europe
Yannick,M,Europe
Yannis,M,Europe
Piet,M,Europe
Eremia,M,Europe
Rudolph,M,Europe
Dalí,M,Europe
Yannai,M,Europe
Jaimy,M,Europe
Mica,M,Europe
Tai,M,Europe
Amiran,M,Europe
Eduardo,M,Europe
Élie,M,Europe
Bruno,M,Europe
Eduard,M,Europe
Elino,M,Europe
Paavo,M,Europe
Alexson,M,Europe
Munay,M,Europe
Jörg,M,Europe
Janus,M,Europe
Albert,M,Europe
Nils,M,Europe
Franciszek,M,Europe
Terrance,M,Europe
Zinédine,M,Europe
Owais,M,Europe
Cosmo,M,Europe
Leonas,M,Europe
Yeshi,M,Europe
Immanuel,M,Europe
Sami,M,Europe
Charly,M,Europe
Han,M,Europe
Hikmet,M,Europe
Rahul,M,Europe
Duran,M,Europe
Nuri,M,Europe
Klee,M,Europe
Benedict,M,Europe
Ayo,M,Europe
Dries,M,Europe
Nehemías,M,Europe
Tanju,M,Europe
Willem,M,Europe
Isaac,M,Europe
Sedat,M,Europe
Gunter,M,Europe
Johann,M,Europe
Maitri,M,Europe
Alexis,M,Europe
Mason,M,Europe
Alfred,M,Europe
Raphaël,M,Europe
Muhyiddin,M,Europe
Elliot,M,Europe
Elyas,M,Europe
Ayaz,M,Europe
Eddie,M,Europe
Jannis,M,Europe
Rainer,M,Europe
Logan,M,Europe
Naël,M,Europe
Batuhan,M,Europe
Kamin,M,Europe
Anel,M,Europe
Ishchan,M,Europe
Victor,M,Europe
Peter,M,Europe
Oskar,M,Europe
Levin,M,Europe
Neo,M,Europe
Aurilio,M,Europe
Gamal,M,Europe
Mihael,M,Europe
Aldin,M,Europe
Minh,M,Europe
Adriyanov,M,Europe
Hardy,M,Europe
Ishaq,M,Europe
Scott,M,Europe
Nicolás,M,Europe
Rik,M,Europe
Ferdinand,M,Europe
Vasile,M,Europe
Walter,M,Europe
Youssef,M,Europe
Benjamin,M,Europe
Lê,M,Europe
Emilio,M,Europe
Serdal,M,Europe
Abdulrahman,M,Europe
Muniboth,M,Europe
Dov,M,Europe
Lucretius,M,Europe
Willi,M,Europe
Balthasar,M,Europe
Zain,M,Europe
Enyo,M,Europe
Jamiro,M,Europe
Varian,M,Europe
Arvid,M,Europe
Forat,M,Europe
Aleksander,M,Europe
Theodore,M,Europe
Ludowick,M,Europe
Dulijano,M,Europe
Dejvid,M,Europe
Silvio,M,Europe
Carl,M,Europe
Lélio,M,Europe
Kemal,M,Europe
Ky,M,Europe
Illyrian,M,Europe
Thaddaeus,M,Europe
Malte,M,Europe
Zayan,M,Europe
Salomey,M,Europe
Tharu,M,Europe
Moulay,M,Europe
Melik,M,Europe
Arnold,M,Europe
Khamzat,M,Europe
Timothé,M,Europe
Isa,M,Europe
Kim,M,Europe
Omid,M,Europe
Magnus,M,Europe
Thanh,M,Europe
Fritz,M,Europe
Tho,M,Europe
Noyan,M,Europe
Ulrich,M,Europe
Peer,M,Europe
Connor,M,Europe
Gustavo,M,Europe
Laurenz,M,Europe
Benni,M,Europe
Arik,M,Europe
Yakub,M,Europe
Ramy,M,Europe
Riku,M,Europe
Altay,M,Europe
Anuel,M,Europe
Kwaku,M,Europe
Tony,M,Europe
Dimitar,M,Europe
Amadou,M,Europe
Adi,M,Europe
Marten,M,Europe
Ivaylov,M,Europe
Vito,M,Europe
Mîrhat,M,Europe
Tayfun,M,Europe
Philippe,M,Europe
Mathia,M,Europe
Jim,M,Europe
Mahmood-Jibriel,M,Europe
Thilo,M,Europe
Charles,M,Europe
Nandi,M,Europe
Ivan,M,Europe
Hamza-Mufid,M,Europe
Moritz,M,Europe
Blacker,M,Europe
Wise,M,Europe
Titus,M,Europe
Mylo-Maximilian,M,Europe
Wincenty,M,Europe
Leonard,M,Europe
Rashid,M,Europe
Samuel,M,Europe
Chan,M,Europe
Emile,M,Europe
Elliott,M,Europe
Halil,M,Europe
Jerimah,M,Europe
Mariusz,M,Europe
Santi,M,Europe
Ilai,M,Europe
Lukas,M,Europe
Miles,M,Europe
Nielas,M,Europe
Bene,M,Europe
Alonso,M,Europe
Marcel,M,Europe
Tran,M,Europe
Lutz,M,Europe
Koray,M,Europe
Iskren,M,Europe
Brûsk,M,Europe
Navid,M,Europe
Atanas,M,Europe
Valerian,M,Europe
Lucjan,M,Europe
David,M,Europe
Misbah,M,Europe
Ivar,M,Europe
Grigorij,M,Europe
Aimé,M,Europe
Alfred-James,M,Europe
Avid,M,Europe
Raffael,M,Europe
Azrael,M,Europe
Aeneas,M,Europe
Florin,M,Europe
Mirac,M,Europe
Marek,M,Europe
Picardo,M,Europe
Emmett,M,Europe
Aryan,M,Europe
Berkan,M,Europe
Tameo,M,Europe
Rahim,M,Europe
Amadeus,M,Europe
Rio,M,Europe
Cyrus,M,Europe
Kasimir,M,Europe
Lijan,M,Europe
Adonis,M,Europe
Yona,M,Europe
Chang,M,Europe
Tymon,M,Europe
Nartey,M,Europe
Ates,M,Europe
Sultan,M,Europe
Elay,M,Europe
Shkodran,M,Europe
Enno,M,Europe
Ezechiel,M,Europe
Sunny,M,Europe
Andreas,M,Europe
Romeo,M,Europe
Hendrik,M,Europe
Jasper,M,Europe
Aman,M,Europe
Findus,M,Europe
Hồ,M,Europe
Sevastian,M,Europe
Johan,M,Europe
Pakin,M,Europe
Aris,M,Europe
Suheil,M,Europe
Georg,M,Europe
Sam,M,Europe
Seyed,M,Europe
Rémi,M,Europe
Leonidas,M,Europe
Ferdows,M,Europe
Roko,M,Europe
Ibrahima,M,Europe
Luan,M,Europe
Mayar,M,Europe
Heinrich,M,Europe
Antonin,M,Europe
Areg,M,Europe
Elia,M,Europe
Khang,M,Europe
Amandus,M,Europe
Leo,M,Europe
Uzay,M,Europe
Marcello,M,Europe
Patrice,M,Europe
Otto,M,Europe
Pascal,M,Europe
Karan,M,Europe
Iruel,M,Europe
Arjun,M,Europe
Tamino,M,Europe
Lovis,M,Europe
Khalil,M,Europe
Homayoun,M,Europe
Lir,M,Europe
Henry,M,Europe
Ansgar,M,Europe
Yacine,M,Europe
Jlai,M,Europe
Teo,M,Europe
Danso,M,Europe
Niklas,M,Europe
Jaro,M,Europe
Imanuel,M,Europe
Samer,M,Europe
Ali-Sami,M,Europe
Caleb,M,Europe
Elio,M,Europe
Philip,M,Europe
Khang-Hy,M,Europe
Buna,M,Europe
Calixte,M,Europe
Benno,M,Europe
Francis,M,Europe
Mitja,M,Europe
Bao,M,Europe
Brian,M,Europe
Caner,M,Europe
Simon,M,Europe
Ahura,M,Europe
Dirk,M,Europe
Seyyid,M,Europe
Raduan,M,Europe
Lyor,M,Europe
Nicolas,M,Europe
Maxim,M,Europe
Joah,M,Europe
Tri-Khang,M,Europe
Karam,M,Europe
Quint,M,Europe
Jaron,M,Europe
Aki,M,Europe
Ismail,M,Europe
Akin,M,Europe
Valentino,M,Europe
Tomi,M,Europe
Huy,M,Europe
Asgar,M,Europe
Álvaro,M,Europe
Moro,M,Europe
Almos,M,Europe
Benedikt,M,Europe
Jacob,M,Europe
Tiago,M,Europe
Maximus,M,Europe
Loui,M,Europe
Berl,M,Europe
Phileas,M,Europe
Toufik,M,Europe
Nicholas,M,Europe
Zbigniew,M,Europe
Tiga,M,Europe
Uriel,M,Europe
Ilya,M,Europe
Mykytovič,M,Europe
Aslan,M,Europe
Junior,M,Europe
Wendelinus,M,Europe
Mert,M,Europe
Ahmed,M,Europe
Augustin,M,Europe
Arel,M,Europe
Alfons,M,Europe
Yaseen,M,Europe
Jürgen,M,Europe
Leonhard,M,Europe
Nirvan,M,Europe
Serafim,M,Europe
Orhanov,M,Europe
Lelio,M,Europe
Joan,M,Europe
Berat,M,Europe
Toni,M,Europe
Barnabas,M,Europe
Shaban,M,Europe
Pelle,M,Europe
Anas,M,Europe
Lenni,M,Europe
Alessandro,M,Europe
Selmir,M,Europe
Arda,M,Europe
Riccardo,M,Europe
Aariv,M,Europe
Almenning,M,Europe
Julian,M,Europe
Tianrui,M,Europe
Gaffar,M,Europe
Ghazi,M,Europe
Duško,M,Europe
Cezar-Ieremia,M,Europe
Fabian,M,Europe
Amias,M,Europe
Anels,M,Europe
Aurelio,M,Europe
Adil,M,Europe
Andreevič,M,Europe
Yoshua,M,Europe
Maximilian,M,Europe
Yaroob,M,Europe
Razak,M,Europe
Malek,M,Europe
Ilyes,M,Europe
Darnell,M,Europe
Hamad,M,Europe
Yeonu,M,Europe
Leon,M,Europe
Jannik,M,Europe
Sanel,M,Europe
Joel,M,Europe
Sascha,M,Europe
Yan,M,Europe
Jakov,M,Europe
Ngugi,M,Europe
Mio,M,Europe
Hayk,M,Europe
Loukas,M,Europe
Diyan,M,Europe
Henning,M,Europe
Karel,M,Europe
Mattis,M,Europe
Umair,M,Europe
Achilleas,M,Europe
Mathis,M,Europe
Nicklas,M,Europe
Ebbe,M,Europe
Hammadi,M,Europe
Karl-Heinz,M,Europe
Constantin,M,Europe
Wilhelm,M,Europe
Milo,M,Europe
Younis,M,Europe
Yuankang,M,Europe
Fjell,M,Europe
Enrique,M,Europe
Natan,M,Europe
Lion,M,Europe
Akwasi,M,Europe
Ara,M,Europe
Robert,M,Europe
Taavi,M,Europe
Demir,M,Europe
Sven,M,Europe
Zinar,M,Europe
Yaman,M,Europe
Andreev,M,Europe
Antonius,M,Europe
Tahir,M,Europe
László,M,Europe
Aleksa,M,Europe
Max,M,Europe
Subhan,M,Europe
Freddy,M,Europe
Mahdi,M,Europe
Vasco,M,Europe
Latif,M,Europe
Elijan,M,Europe
Laurentin,M,Europe
Oleksandrovič,M,Europe
Hilmar,M,Europe
Joscha,M,Europe
Wolf,M,Europe
Kwame,M,Europe
Apostolos,M,Europe
Wanja,M,Europe
Vasilije,M,Europe
Ilia,M,Europe
Tavi,M,Europe
Konstantin,M,Europe
Milas,M,Europe
Taiga,M,Europe
Jean,M,Europe
Beka,M,Europe
Samir,M,Europe
Salihan,M,Europe
Yunes,M,Europe
Mats,M,Europe
Tihomir,M,Europe
Jonne,M,Europe
Efe,M,Europe
Olivier,M,Europe
Erdem,M,Europe
Joachim,M,Europe
Massud,M,Europe
Henri,M,Europe
Leonid,M,Europe
Marie,M,Europe
Erdmann,M,Europe
Meran,M,Europe
Elyabel,M,Europe
Gottfried,M,Europe
Juri,M,Europe
Said,M,Europe
Nio,M,Europe
Agastya,M,Europe
Marcus,M,Europe
Knuth,M,Europe
Cinar,M,Europe
Ander,M,Europe
Nkosi,M,Europe
Jahvis,M,Europe
Lotus,M,Europe
Alwin,M,Europe
Carlo,M,Europe
Aleksan,M,Europe
Markus,M,Europe
Hernán,M,Europe
Ede,M,Europe
Farhad,M,Europe
Taave,M,Europe
Nader,M,Europe
Alparslan,M,Europe
Aybars,M,Europe
Cesur,M,Europe
Iliya,M,Europe
Luka,M,Europe
Lucas,M,Europe
Aadhesh,M,Europe
Jadon-Mateo,M,Europe
Kaihan,M,Europe
Florentin,M,Europe
Lias,M,Europe
Janardhan,M,Europe
Matthias,M,Europe
İlia,M,Europe
Emad,M,Europe
Artus,M,Europe
Atakan,M,Europe
Dodi,M,Europe
Oliver,M,Europe
Abraham,M,Europe
Feanor,M,Europe
Gerd,M,Europe
Keno,M,Europe
Lyan,M,Europe
Ebubekir,M,Europe
Tanay,M,Europe
Alex,M,Europe
Eleano,M,Europe
Anouar,M,Europe
Cenk-Osman,M,Europe
Giacomo,M,Europe
Jaleel,M,Europe
Zlatomir,M,Europe
Eric,M,Europe
Willian,M,Europe
Ty,M,Europe
Keywan,M,Europe
Hussein,M,Europe
Eugene,M,Europe
Jorge,M,Europe
Mathyas,M,Europe
Thakur,M,Europe
Singh,M,Europe
Sajan,M,Europe
Mahmoud,M,Europe
Luan-Fernando,M,Europe
Krish,M,Europe
Botho,M,Europe
Clemens,M,Europe
Kaleo,M,Europe
Labib,M,Europe
Isao,M,Europe
Nikolaus,M,Europe
Heribert,M,Europe
Iven,M,Europe
Vinzenz,M,Europe
Diyaan,M,Europe
Kutay,M,Europe
Nooa,M,Europe
Matei,M,Europe
Herschel,M,Europe
Elmar,M,Europe
Ellery,M,Europe
Ties,M,Europe
Johannes,M,Europe
Nahme,M,Europe
Valer'evič,M,Europe
Esra,M,Europe
Robin,M,Europe
Darko,M,Europe
Emanuelov,M,Europe
Ettore,M,Europe
Anand,M,Europe
Lokman,M,Europe
Yakup-Efe,M,Europe
Lasse,M,Europe
Elijah,M,Europe
Jerick,M,Europe
Károly,M,Europe
Nalu,M,Europe
Milan,M,Europe
Sail,M,Europe
Isay,M,Europe
