Adalberto,portuguese
Adalto,portuguese
Ademar,portuguese
Aderson,portuguese
Adriano,portuguese
Alessandro,portuguese
Alex,portuguese
Almir,portuguese
Alvaro,portuguese
Amaral,portuguese
Anderson,portuguese
Anderson,portuguese
André,portuguese
Andrei,portuguese
Andrey,portuguese
Angelo,portuguese
Antonio,portuguese
Antônio,portuguese
Antunes,portuguese
Aracel,portuguese
Arlindo,portuguese
Arnaldo,portuguese
Aroldo,portuguese
Augusto,portuguese
Benedito,portuguese
Benjamin,portuguese
Bento,portuguese
Bernardo,portuguese
Bill,portuguese
Bill,portuguese
Breno,portuguese
Bru,portuguese
Bruno,portuguese
Caco,portuguese
Caio,portuguese
Caique,portuguese
Calebe,portuguese
Carlos,portuguese
Carlos Alberto,portuguese
Carlos Alberto,portuguese
Carlos Daniel,portuguese
Carlos Victor,portuguese
Catatau,portuguese
Cauan,portuguese
Caue,portuguese
Cezar,portuguese
Conrado,portuguese
Dalcides,portuguese
Daniel,portuguese
Daniel,portuguese
Danilo,portuguese
Darley,portuguese
Davi,portuguese
David,portuguese
David,portuguese
Deivid,portuguese
Deyverson,portuguese
Diego,portuguese
Dinei,portuguese
Dinho,portuguese
Diogo,portuguese
Dorival,portuguese
Douglas,portuguese
Drauzio,portuguese
Duco,portuguese
Duco,portuguese
Duda,portuguese
Durval,portuguese
Ederson,portuguese
Edivaldo,portuguese
Edmundo,portuguese
Eduardo,portuguese
Edvan,portuguese
Eliberto,portuguese
Elivaldo,portuguese
Elizandro,portuguese
Elizeu,portuguese
Enzo,portuguese
Eric,portuguese
Estafan,portuguese
Estavão,portuguese
Eurico,portuguese
Evaldo,portuguese
Evandro,portuguese
Everaldo,portuguese
Fabiano,portuguese
Fabio,portuguese
Fefito,portuguese
Felipe,portuguese
Felipi,portuguese
Felix,portuguese
Fernando,portuguese
Filipe,portuguese
Filipi,portuguese
Flavio,portuguese
Francimar,portuguese
Francisco,portuguese
Gabi,portuguese
Gabriel,portuguese
Gabu,portuguese
George,portuguese
Geraldo,portuguese
Germano,portuguese
Gilberto,portuguese
Gilmar,portuguese
Gilmar,portuguese
Gilvan,portuguese
Giovani,portuguese
Giuliano,portuguese
Guilherme,portuguese
Guinho,portuguese
Gustavo,portuguese
Guto,portuguese
Heitor,portuguese
Helio,portuguese
Henrique,portuguese
Henry,portuguese
Humberto,portuguese
Iago,portuguese
Ian,portuguese
Ian,portuguese
Icaro,portuguese
Igor,portuguese
Iguinho,portuguese
Inacio,portuguese
Italo,portuguese
Ivan,portuguese
Jamal,portuguese
Jander,portuguese
João Gabriel,portuguese
Joao Lucas,portuguese
João Lucas,portuguese
Joao Miguel,portuguese
João Paulo,portuguese
Joao Pedro,portuguese
João Pedro,portuguese
Johnny,portuguese
Jonathan,portuguese
José,portuguese
José Antônio,portuguese
Juares,portuguese
Juca,portuguese
Juliano,portuguese
Julinho,portuguese
Julio,portuguese
Juninho,portuguese
Junior,portuguese
Jurandir,portuguese
Kleber,portuguese
Klever,portuguese
Leandrão,portuguese
Leandrinho,portuguese
Leandro,portuguese
Léo,portuguese
Leonardo,portuguese
Levi,portuguese
Lito,portuguese
Lorenzo,portuguese
Luan,portuguese
Lucas,portuguese
Lucca,portuguese
Lucian,portuguese
Luciano,portuguese
Luide,portuguese
Luis,portuguese
Luiz,portuguese
Luiz Carlos,portuguese
Luiz Felipe,portuguese
Luiz Gabriel,portuguese
Luiz Manoel,portuguese
Luiz Matheus,portuguese
Madson,portuguese
Maicon,portuguese
Manoel,portuguese
Manuel,portuguese
Marcão,portuguese
Marcel,portuguese
Marcelo,portuguese
Marcio,portuguese
Marcos,portuguese
Mariano,portuguese
Mario,portuguese
Marlon,portuguese
Marquinho,portuguese
Mateus,portuguese
Matheus,portuguese
Matias,portuguese
Maurilio,portuguese
Mauro,portuguese
Miguel,portuguese
Muriel,portuguese
Natan,portuguese
Nataniel,portuguese
Nathan,portuguese
Neilton,portuguese
Nelson,portuguese
Nicolas,portuguese
Nino,portuguese
Nivaldo,portuguese
Nuno,portuguese
Oliveira,portuguese
Oswaldo,portuguese
Otavio,portuguese
Patrick,portuguese
Paulo,portuguese
Paulo Cezar,portuguese
Pedro,portuguese
Pepeu,portuguese
Pericles,portuguese
Philipe,portuguese
Pierre,portuguese
Rafael,portuguese
Raizinho,portuguese
Renan,portuguese
Renato,portuguese
Ricardo,portuguese
Rodrigo,portuguese
Rodriguinho,portuguese
Roger,portuguese
Rogerinho,portuguese
Rogerio,portuguese
Romilton,portuguese
Ronaldinho,portuguese
Ronaldo,portuguese
Samuca,portuguese
Samuel,portuguese
Sandrinho,portuguese
Sandro,portuguese
Saulo,portuguese
Savarino,portuguese
Savio,portuguese
Sebastião,portuguese
Severino,portuguese
Silvio,portuguese
Tales,portuguese
Theo,portuguese
Thiago,portuguese
Thiego,portuguese
Tião,portuguese
Tita,portuguese
Tito,portuguese
Tuco,portuguese
Vagner,portuguese
Valdir,portuguese
Vanderlei,portuguese
Vanderson,portuguese
Vando,portuguese
Victor,portuguese
Vilmar,portuguese
Vina,portuguese
Vini,portuguese
Vinicius,portuguese
Vitão,portuguese
Vitinho,portuguese
Vitor,portuguese
Wagner,portuguese
Waguininho,portuguese
Wanderson,portuguese
Wando,portuguese
Washington,portuguese
Watson,portuguese
Wellington,portuguese
Wendel,portuguese
Will,portuguese
William,portuguese
Wilson,portuguese
Yago,portuguese
Yohan,portuguese
Yorran,portuguese
Yuri,portuguese
Agustin,spanish
Alberto,spanish
Aldo,spanish
Alejandro,spanish
Alfonso,spanish
Andrés,spanish
Angel,spanish
Angelo,spanish
Benicio,spanish
Brayan,spanish
Carlito,spanish
Carmelo,spanish
Christian,spanish
Didiér,spanish
Diego,spanish
Emiliano,spanish
Enrique,spanish
Enzo,spanish
Esteban,spanish
Estefano,spanish
Eugenio,spanish
Exequiel,spanish
Fabián,spanish
Fernando,spanish
Franco,spanish
Francisco,spanish
Frederico,spanish
Germán,spanish
Giovani,spanish
Guido,spanish
Guillermo,spanish
Gustavo,spanish
Hermán,spanish
Hernán,spanish
Héctor,spanish
Iván,spanish
Jarrinson,spanish
Javier,spanish
Joan,spanish
Joaquin,spanish
Jorge,spanish
José,spanish
Juan,spanish
Juan Camilo,spanish
Juan Pablo,spanish
Lautaro,spanish
Leandro,spanish
Lucas,spanish
Maxi,spanish
Miguel,spanish
Nehuén,spanish
Nicolás,spanish
Omar,spanish
Paolo,spanish
Patricio,spanish
Piero,spanish
Rafael,spanish
Rocco,spanish
Rodrigo,spanish
Rubén,spanish
Santiago,spanish
Sebastián,spanish
Stiven,spanish
Teodoro,spanish
Teófilo,spanish
Tomás,spanish
Yamir,spanish
